<?xml version="1.0" encoding="UTF-8"?>
<project-private xmlns="http://www.netbeans.org/ns/project-private/1">
    <editor-bookmarks xmlns="http://www.netbeans.org/ns/editor-bookmarks/2" lastBookmarkId="0"/>
    <open-files xmlns="http://www.netbeans.org/ns/projectui-open-files/2">
        <group>
            <file>file:/C:/Users/a.hammerlin/Documents/d1%20prog%20objet/TP3EX2ADAMHAMMERLIN/src/tp3ex2adamhammerlin/Eleve.java</file>
            <file>file:/C:/Users/a.hammerlin/Documents/d1%20prog%20objet/TP3EX2ADAMHAMMERLIN/src/tp3ex2adamhammerlin/TP3EX2ADAMHAMMERLIN.java</file>
            <file>file:/C:/Users/a.hammerlin/Documents/d1%20prog%20objet/TP3EX2ADAMHAMMERLIN/src/tp3ex2adamhammerlin/CompteENT.java</file>
            <file>file:/C:/Users/a.hammerlin/Documents/d1%20prog%20objet/TP3EX2ADAMHAMMERLIN/src/tp3ex2adamhammerlin/Formation.java</file>
        </group>
    </open-files>
</project-private>
