<?xml version="1.0" encoding="UTF-8"?>
<project-private xmlns="http://www.netbeans.org/ns/project-private/1">
    <editor-bookmarks xmlns="http://www.netbeans.org/ns/editor-bookmarks/2" lastBookmarkId="0"/>
    <open-files xmlns="http://www.netbeans.org/ns/projectui-open-files/2">
        <group>
            <file>file:/D:/BTS/SIO1%20-%20D1%20-%20Programmation%20Objet/Progression/1%20-%20Classe%20Objets%20Attributs%20Méthodes/TP1Ex1Etapes1Et2/src/tp1ex1etapes1et2/Perso.java</file>
            <file>file:/D:/BTS/SIO1%20-%20D1%20-%20Programmation%20Objet/Progression/1%20-%20Classe%20Objets%20Attributs%20Méthodes/TP1Ex1Etapes1Et2/src/tp1ex1etapes1et2/TP1Ex1Etapes1Et2.java</file>
        </group>
    </open-files>
</project-private>
